2026-07-10_19-47-17,33,main.go:2026-07-10_19-47-17
2026-07-10_19-48-01,---,main.go:2026-07-10_19-47-17
2026-07-10_19-58-59,33,main.go:2026-07-10_19-47-17
2026-07-10_20-25-13,0,main.go:2026-07-10_20-25-13
2026-07-10_20-28-00,0,main.go:2026-07-10_20-28-00
2026-07-10_20-28-14,33,main.go:2026-07-10_20-28-14
2026-07-10_20-28-23,66,main.go:2026-07-10_20-28-23
2026-07-10_20-29-06,66,main.go:2026-07-10_20-29-06
2026-07-10_20-30-27,33,main.go:2026-07-10_20-30-27
2026-07-10_20-33-04,66,main.go:2026-07-10_20-33-04
2026-07-10_20-34-03,0,main.go:2026-07-10_20-34-03
2026-07-10_20-34-14,66,main.go:2026-07-10_20-34-14
2026-07-10_20-49-11,0,main.go:2026-07-10_20-49-11
2026-07-10_20-49-52,0,main.go:2026-07-10_20-49-52
2026-07-10_20-50-08,0,main.go:2026-07-10_20-50-08
2026-07-10_20-50-13,0,main.go:2026-07-10_20-50-08
2026-07-10_20-51-07,0,main.go:2026-07-10_20-51-07
2026-07-10_20-51-47,0,main.go:2026-07-10_20-51-47
2026-07-10_20-51-52,0,main.go:2026-07-10_20-51-47
2026-07-10_20-52-14,0,main.go:2026-07-10_20-52-14
2026-07-10_20-52-25,0,main.go:2026-07-10_20-52-25
2026-07-10_20-53-54,0,main.go:2026-07-10_20-53-54
2026-07-10_20-54-44,0,main.go:2026-07-10_20-54-44
2026-07-10_20-55-50,100,main.go:2026-07-10_20-55-50
