2026-05-29_00-05-31,0,shell.go:2026-05-29_00-05-31
2026-05-29_23-19-38,0,shell.go:2026-05-29_00-05-31
2026-05-29_23-25-11,---,shell.go:2026-05-29_00-05-31
2026-06-01_21-25-06,0,shell.go:2026-05-29_00-05-31
2026-06-02_17-29-59,0,shell.go:2026-06-02_17-29-59
2026-06-02_17-31-15,0,shell.go:2026-06-02_17-31-15
2026-06-02_17-31-48,0,shell.go:2026-06-02_17-31-15
2026-06-02_17-32-12,0,shell.go:2026-06-02_17-31-15
2026-06-02_17-36-16,0,shell.go:2026-06-02_17-36-16
2026-06-02_17-37-23,0,shell.go:2026-06-02_17-37-23
2026-06-02_17-44-00,0,shell.go:2026-06-02_17-44-00
2026-06-02_17-44-23,0,shell.go:2026-06-02_17-44-00
2026-06-02_17-46-08,0,shell.go:2026-06-02_17-46-08
2026-06-02_17-49-36,12,shell.go:2026-06-02_17-49-36
2026-06-02_18-14-14,12,shell.go:2026-06-02_18-14-14
2026-06-02_18-20-32,25,shell.go:2026-06-02_18-20-32
2026-06-02_21-45-10,25,shell.go:2026-06-02_18-20-32
2026-06-02_21-45-19,25,shell.go:2026-06-02_18-20-32
2026-06-02_21-48-21,25,shell.go:2026-06-02_18-20-32
2026-06-02_21-53-33,0,shell.go:2026-06-02_21-53-33
2026-06-02_21-54-46,0,shell.go:2026-06-02_21-54-46
2026-06-02_21-55-44,0,shell.go:2026-06-02_21-55-44
2026-06-02_21-56-20,25,shell.go:2026-06-02_21-56-20
2026-06-02_21-57-13,25,shell.go:2026-06-02_21-57-13
2026-06-02_21-59-48,25,shell.go:2026-06-02_21-59-48
2026-06-02_22-00-55,25,shell.go:2026-06-02_22-00-55
2026-06-02_22-02-18,25,shell.go:2026-06-02_22-02-18
2026-06-02_22-03-30,25,shell.go:2026-06-02_22-03-30
2026-06-02_22-03-39,25,shell.go:2026-06-02_22-03-30
2026-06-02_22-05-08,25,shell.go:2026-06-02_22-05-08
2026-06-02_22-05-47,25,shell.go:2026-06-02_22-05-47
2026-06-02_22-06-33,25,shell.go:2026-06-02_22-06-33
2026-06-02_22-07-46,37,shell.go:2026-06-02_22-07-46
2026-06-02_22-16-35,37,shell.go:2026-06-02_22-16-35
2026-06-02_22-17-59,50,shell.go:2026-06-02_22-17-59
2026-06-02_22-23-49,0,shell.go:2026-06-02_22-23-49
2026-06-02_22-24-51,0,shell.go:2026-06-02_22-24-51
2026-06-02_22-25-18,50,shell.go:2026-06-02_22-25-18
2026-06-02_22-25-57,50,shell.go:2026-06-02_22-25-57
2026-06-02_22-27-14,50,shell.go:2026-06-02_22-27-14
2026-06-02_22-27-19,50,shell.go:2026-06-02_22-27-19
2026-06-02_22-27-56,50,shell.go:2026-06-02_22-27-56
2026-06-02_23-06-32,62,shell.go:2026-06-02_23-06-32
2026-06-02_23-13-57,62,shell.go:2026-06-02_23-06-32
2026-06-02_23-33-40,62,shell.go:2026-06-02_23-06-32
2026-06-02_23-35-51,0,shell.go:2026-06-02_23-35-51
2026-06-02_23-37-22,0,shell.go:2026-06-02_23-37-22
2026-06-02_23-37-52,62,shell.go:2026-06-02_23-37-52
2026-06-02_23-38-36,62,shell.go:2026-06-02_23-38-36
2026-06-02_23-39-10,62,shell.go:2026-06-02_23-39-10
2026-06-02_23-43-13,62,shell.go:2026-06-02_23-43-13
2026-06-02_23-43-48,62,shell.go:2026-06-02_23-43-48
2026-06-02_23-44-10,62,shell.go:2026-06-02_23-44-10
2026-06-02_23-44-27,62,shell.go:2026-06-02_23-44-10
2026-06-02_23-45-36,62,shell.go:2026-06-02_23-45-36
2026-06-02_23-47-27,0,shell.go:2026-06-02_23-47-27
2026-06-02_23-47-33,0,shell.go:2026-06-02_23-47-33
2026-06-02_23-47-36,0,shell.go:2026-06-02_23-47-33
2026-06-02_23-47-44,62,shell.go:2026-06-02_23-47-44
2026-06-02_23-48-34,62,shell.go:2026-06-02_23-47-44
2026-06-02_23-50-00,62,shell.go:2026-06-02_23-50-00
2026-06-02_23-50-20,62,shell.go:2026-06-02_23-50-20
2026-06-02_23-50-38,62,shell.go:2026-06-02_23-50-38
2026-06-02_23-51-45,62,shell.go:2026-06-02_23-51-45
2026-06-02_23-57-55,75,shell.go:2026-06-02_23-57-55
2026-06-03_00-07-14,75,shell.go:2026-06-03_00-07-14
2026-06-03_00-07-57,75,shell.go:2026-06-03_00-07-57
2026-06-03_00-09-42,75,shell.go:2026-06-03_00-09-42
2026-06-03_00-11-06,0,shell.go:2026-06-03_00-11-06
2026-06-03_00-11-20,87,shell.go:2026-06-03_00-11-20
2026-06-03_00-13-02,100,shell.go:2026-06-03_00-13-02
2026-06-03_02-05-21,100,shell.go:2026-06-03_00-13-02
