2026-03-23_16-20-30,0,draft.go:2026-03-23_16-20-30
2026-03-23_16-20-31,0,draft.go:2026-03-23_16-20-30
2026-03-23_16-21-11,0,draft.go:2026-03-23_16-21-11
2026-03-23_16-21-12,0,draft.go:2026-03-23_16-21-11
2026-03-23_16-21-24,0,draft.go:2026-03-23_16-21-11
2026-03-23_16-21-24,0,draft.go:2026-03-23_16-21-11
2026-03-23_16-21-27,0,draft.go:2026-03-23_16-21-11
2026-03-23_16-21-31,0,draft.go:2026-03-23_16-21-31
2026-03-23_16-21-41,0,draft.go:2026-03-23_16-21-41
2026-03-23_16-22-03,0,draft.go:2026-03-23_16-22-03
2026-03-23_16-22-14,100,draft.go:2026-03-23_16-22-14
2026-03-23_16-26-56,0,draft.go:2026-03-23_16-26-56
2026-03-23_16-27-01,0,draft.go:2026-03-23_16-27-01
2026-03-23_16-27-08,0,draft.go:2026-03-23_16-27-08
2026-03-23_16-27-16,100,draft.go:2026-03-23_16-27-16
2026-04-18_20-38-18,100,draft.go:2026-03-23_16-27-16
2026-04-18_20-38-47,---,draft.go:2026-03-23_16-27-16
2026-04-19_12-49-06,100,draft.go:2026-03-23_16-27-16
2026-06-07_00-05-02,---,draft.go:2026-03-23_16-27-16
2026-06-08_17-39-53,100,draft.go:2026-03-23_16-27-16
