2026-07-08_20-11-53,0,main.go:2026-07-08_20-11-53
2026-07-09_04-17-50,0,main.go:2026-07-09_04-17-50
2026-07-09_04-17-55,0,main.go:2026-07-09_04-17-55
2026-07-09_04-19-59,---,main.go:2026-07-09_04-19-59
2026-07-09_04-24-57,0,main.go:2026-07-09_04-24-57
2026-07-09_04-25-49,0,main.go:2026-07-09_04-25-49
2026-07-09_04-25-52,16,main.go:2026-07-09_04-25-52
2026-07-09_04-29-37,16,main.go:2026-07-09_04-29-37
2026-07-09_04-29-41,16,main.go:2026-07-09_04-29-41
2026-07-09_04-29-48,16,main.go:2026-07-09_04-29-48
2026-07-09_04-30-54,16,main.go:2026-07-09_04-30-54
2026-07-09_04-39-25,33,main.go:2026-07-09_04-39-25
2026-07-09_04-40-44,16,main.go:2026-07-09_04-40-44
2026-07-09_04-41-34,33,main.go:2026-07-09_04-41-34
2026-07-09_04-43-01,16,main.go:2026-07-09_04-43-01
2026-07-09_04-51-23,0,main.go:2026-07-09_04-51-23
2026-07-09_04-51-27,100,main.go:2026-07-09_04-51-27
