2026-05-29_00-05-24,0,shell.go:2026-05-29_00-05-24
2026-05-29_23-17-40,0,shell.go:2026-05-29_00-05-24
2026-05-29_23-25-57,0,shell.go:2026-05-29_00-05-24
2026-05-29_23-25-58,0,shell.go:2026-05-29_00-05-24
2026-05-29_23-34-59,0,shell.go:2026-05-29_23-34-59
2026-05-29_23-35-11,0,shell.go:2026-05-29_23-35-11
2026-05-29_23-35-26,0,shell.go:2026-05-29_23-35-26
2026-05-29_23-36-11,0,shell.go:2026-05-29_23-36-11
2026-05-29_23-38-54,0,shell.go:2026-05-29_23-38-54
2026-05-29_23-39-40,0,shell.go:2026-05-29_23-39-40
2026-05-29_23-39-59,14,shell.go:2026-05-29_23-39-59
2026-05-29_23-43-35,0,shell.go:2026-05-29_23-43-35
2026-05-29_23-44-41,28,shell.go:2026-05-29_23-44-41
2026-05-29_23-54-08,0,shell.go:2026-05-29_23-54-08
2026-05-29_23-54-33,0,shell.go:2026-05-29_23-54-33
2026-05-29_23-54-36,0,shell.go:2026-05-29_23-54-33
2026-05-29_23-56-07,0,shell.go:2026-05-29_23-56-07
2026-05-29_23-56-11,0,shell.go:2026-05-29_23-56-07
2026-05-29_23-57-00,42,shell.go:2026-05-29_23-57-00
2026-05-30_00-03-24,0,shell.go:2026-05-30_00-03-24
2026-05-30_00-03-28,0,shell.go:2026-05-30_00-03-24
2026-05-30_00-07-43,0,shell.go:2026-05-30_00-07-43
2026-05-30_00-07-54,0,shell.go:2026-05-30_00-07-54
2026-05-30_00-08-22,42,shell.go:2026-05-30_00-08-22
2026-05-30_00-11-15,57,shell.go:2026-05-30_00-11-15
2026-05-31_02-50-06,57,shell.go:2026-05-30_00-11-15
2026-05-31_02-52-54,57,shell.go:2026-05-31_02-52-54
2026-05-31_02-54-33,71,shell.go:2026-05-31_02-54-33
2026-05-31_03-04-15,0,shell.go:2026-05-31_03-04-15
2026-06-01_20-43-43,0,shell.go:2026-05-31_03-04-15
2026-06-01_20-43-58,0,shell.go:2026-06-01_20-43-58
2026-06-01_20-44-01,0,shell.go:2026-06-01_20-43-58
2026-06-01_20-46-07,71,shell.go:2026-06-01_20-46-07
2026-06-01_21-05-24,0,shell.go:2026-06-01_21-05-24
2026-06-01_21-05-50,0,shell.go:2026-06-01_21-05-50
2026-06-01_21-06-28,0,shell.go:2026-06-01_21-06-28
2026-06-01_21-08-14,0,shell.go:2026-06-01_21-08-14
2026-06-01_21-08-23,0,shell.go:2026-06-01_21-08-23
2026-06-01_21-08-41,0,shell.go:2026-06-01_21-08-41
2026-06-01_21-09-24,85,shell.go:2026-06-01_21-09-24
2026-06-01_21-14-52,0,shell.go:2026-06-01_21-14-52
2026-06-01_21-15-39,0,shell.go:2026-06-01_21-15-39
2026-06-01_21-17-03,0,shell.go:2026-06-01_21-17-03
2026-06-01_21-18-04,85,shell.go:2026-06-01_21-18-04
2026-06-01_21-20-00,100,shell.go:2026-06-01_21-20-00
2026-06-02_17-29-53,100,shell.go:2026-06-01_21-20-00
2026-06-02_17-29-54,100,shell.go:2026-06-01_21-20-00
