2026-07-06_17-16-02,0,draft.go:2026-07-06_17-16-02
2026-07-06_17-51-07,0,draft.go:2026-07-06_17-51-07
2026-07-06_17-51-36,0,draft.go:2026-07-06_17-51-36
2026-07-06_17-51-36,0,draft.go:2026-07-06_17-51-36
2026-07-06_17-51-40,0,draft.go:2026-07-06_17-51-40
2026-07-06_17-51-57,0,draft.go:2026-07-06_17-51-57
2026-07-06_17-51-57,0,draft.go:2026-07-06_17-51-57
2026-07-06_17-54-17,0,draft.go:2026-07-06_17-54-17
2026-07-06_17-54-18,0,draft.go:2026-07-06_17-54-17
2026-07-06_17-54-24,0,draft.go:2026-07-06_17-54-17
2026-07-06_17-54-28,0,draft.go:2026-07-06_17-54-28
2026-07-06_17-54-37,0,draft.go:2026-07-06_17-54-37
2026-07-06_17-55-01,0,draft.go:2026-07-06_17-55-01
2026-07-06_17-57-18,---,draft.go:2026-07-06_17-57-18
2026-07-06_17-57-36,100,draft.go:2026-07-06_17-57-36
2026-07-06_17-57-37,100,draft.go:2026-07-06_17-57-36
2026-07-06_17-57-37,100,draft.go:2026-07-06_17-57-36
