2026-07-04_04-25-04,---,main.go:2026-07-04_04-25-04
2026-07-04_04-25-39,0,main.go:2026-07-04_04-25-04
2026-07-04_04-26-52,0,main.go:2026-07-04_04-26-52
2026-07-04_21-55-10,0,main.go:2026-07-04_21-55-10
2026-07-04_22-01-37,0,main.go:2026-07-04_22-01-37
2026-07-04_22-01-58,33,main.go:2026-07-04_22-01-58
2026-07-04_22-06-19,33,main.go:2026-07-04_22-06-19
2026-07-04_22-06-20,33,main.go:2026-07-04_22-06-19
2026-07-04_22-12-47,33,main.go:2026-07-04_22-12-47
2026-07-04_22-13-10,33,main.go:2026-07-04_22-13-10
2026-07-04_22-14-06,33,main.go:2026-07-04_22-14-06
2026-07-04_22-14-13,66,main.go:2026-07-04_22-14-13
2026-07-04_22-16-39,100,main.go:2026-07-04_22-16-39
